C.elegans,AGAA,0.016819992811642082,0.02880658436213992,0.018673361559683126,0.023346303501945526
C.elegans,GAGG,0.018540610398647978,0.024691358024691357,0.029595114997553244,0.03501945525291829
C.elegans,AGAA,0.016819992811642082,0.02880658436213992,0.018673361559683126,0.023346303501945526
C.elegans,GAGG,0.018540610398647978,0.024691358024691357,0.029595114997553244,0.03501945525291829
C.elegans,AGAA,0.016819992811642082,0.02880658436213992,0.018673361559683126,0.023346303501945526
C.elegans,GAGG,0.018540610398647978,0.024691358024691357,0.029595114997553244,0.03501945525291829
C.reinhardtii,GATC,0.019121305904484496,0.04495163151199598,0.0192278236717689,0.037343638767415845
C.reinhardtii,CATG,0.09834941440621398,0.22623731621453716,0.13032645434030082,0.2514186921590562
C.reinhardtii,GATC,0.019121305904484496,0.04495163151199598,0.0192278236717689,0.037343638767415845
C.reinhardtii,CATG,0.09834941440621398,0.22623731621453716,0.13032645434030082,0.2514186921590562
C.reinhardtii,GATC,0.019121305904484496,0.04495163151199598,0.0192278236717689,0.037343638767415845
C.reinhardtii,CATG,0.09834941440621398,0.22623731621453716,0.13032645434030082,0.2514186921590562
E.coli,GATC,0.7314025589629268,0.9086139211837536,0.9847470238095238,0.9940236614221246
E.coli,AAGANNNNNCTC,0.00387778423034413,0.0036992299562131964,0.0019345238095238096,0.001158677887547262
E.coli,GAGNNNNNTCTT,0.004102583316161181,0.0036992299562131964,0.001488095238095238,0.0007927796072691791
E.coli,GATC,0.7314025589629268,0.9086139211837536,0.9847470238095238,0.9940236614221246
E.coli,AAGANNNNNCTC,0.00387778423034413,0.0036992299562131964,0.0019345238095238096,0.001158677887547262
E.coli,GAGNNNNNTCTT,0.004102583316161181,0.0036992299562131964,0.001488095238095238,0.0007927796072691791
E.coli,GATC,0.7314025589629268,0.9086139211837536,0.9847470238095238,0.9940236614221246
E.coli,AAGANNNNNCTC,0.00387778423034413,0.0036992299562131964,0.0019345238095238096,0.001158677887547262
E.coli,GAGNNNNNTCTT,0.004102583316161181,0.0036992299562131964,0.001488095238095238,0.0007927796072691791
S.aureus,TCTANNNNNNTTAA,0.032626949220311875,0.21525148729042726,0.2889273356401384,0.33714880332986474
S.aureus,TTAANNNNNNTAGA,0.031907237105157936,0.21038399134667388,0.2768166089965398,0.32362122788761705
S.aureus,GAAGNNNNNNTTRG,0.018392642942822873,0.1065440778799351,0.16695501730103807,0.17793964620187305
S.aureus,CYAANNNNNNCTTC,0.017433026789284288,0.10275824770146025,0.13667820069204153,0.1425598335067638
S.aureus,GATCGVNY,0.006317473010795682,0.004326663061114116,0.006920415224913495,0.001040582726326743
S.aureus,TCTANNNNNNTTAA,0.032626949220311875,0.21525148729042726,0.2889273356401384,0.33714880332986474
S.aureus,TTAANNNNNNTAGA,0.031907237105157936,0.21038399134667388,0.2768166089965398,0.32362122788761705
S.aureus,GAAGNNNNNNTTRG,0.018392642942822873,0.1065440778799351,0.16695501730103807,0.17793964620187305
S.aureus,CYAANNNNNNCTTC,0.017433026789284288,0.10275824770146025,0.13667820069204153,0.1425598335067638
S.aureus,GATCGVNY,0.006317473010795682,0.004326663061114116,0.006920415224913495,0.001040582726326743
S.aureus,TCTANNNNNNTTAA,0.032626949220311875,0.21525148729042726,0.2889273356401384,0.33714880332986474
S.aureus,TTAANNNNNNTAGA,0.031907237105157936,0.21038399134667388,0.2768166089965398,0.32362122788761705
S.aureus,GAAGNNNNNNTTRG,0.018392642942822873,0.1065440778799351,0.16695501730103807,0.17793964620187305
S.aureus,CYAANNNNNNCTTC,0.017433026789284288,0.10275824770146025,0.13667820069204153,0.1425598335067638
S.aureus,GATCGVNY,0.006317473010795682,0.004326663061114116,0.006920415224913495,0.001040582726326743
B.subtilis,ACAYNNNNNNNTGNG,0.04242522756827048,0.307556080283353,0.4825090470446321,0.5284015852047557
B.subtilis,CNCANNNNNNNRTGT,0.04340052015604681,0.31463990554899646,0.4487334137515078,0.4914134742404227
B.subtilis,ACAYNNNNNNNTGNG,0.04242522756827048,0.307556080283353,0.4825090470446321,0.5284015852047557
B.subtilis,CNCANNNNNNNRTGT,0.04340052015604681,0.31463990554899646,0.4487334137515078,0.4914134742404227
B.subtilis,ACAYNNNNNNNTGNG,0.04242522756827048,0.307556080283353,0.4825090470446321,0.5284015852047557
B.subtilis,CNCANNNNNNNRTGT,0.04340052015604681,0.31463990554899646,0.4487334137515078,0.4914134742404227
E.faecalis,CAAYNNNNNNTTYG,0.0438556418455916,0.19179706021811285,0.31709899417681314,0.3756578947368421
E.faecalis,CRAANNNNNNRTTG,0.04223135881427339,0.1856330014224751,0.2821598729486501,0.3335526315789474
E.faecalis,CTKVAG,0.15735241865895133,0.3482693219535325,0.37427210164107994,0.28157894736842104
E.faecalis,CTCCAG,0.015126135729150805,0.036747273589378855,0.026469031233456855,0.021710526315789475
E.faecalis,CAAYNNNNNNTTYG,0.0438556418455916,0.19179706021811285,0.31709899417681314,0.3756578947368421
E.faecalis,CRAANNNNNNRTTG,0.04223135881427339,0.1856330014224751,0.2821598729486501,0.3335526315789474
E.faecalis,CTKVAG,0.15735241865895133,0.3482693219535325,0.37427210164107994,0.28157894736842104
E.faecalis,CTCCAG,0.015126135729150805,0.036747273589378855,0.026469031233456855,0.021710526315789475
E.faecalis,CAAYNNNNNNTTYG,0.0438556418455916,0.19179706021811285,0.31709899417681314,0.3756578947368421
E.faecalis,CRAANNNNNNRTTG,0.04223135881427339,0.1856330014224751,0.2821598729486501,0.3335526315789474
E.faecalis,CTKVAG,0.15735241865895133,0.3482693219535325,0.37427210164107994,0.28157894736842104
E.faecalis,CTCCAG,0.015126135729150805,0.036747273589378855,0.026469031233456855,0.021710526315789475
S.enterica,GATC,0.4949378012587089,0.8915433529446722,0.5345169677066228,0.9027715085311907
S.enterica,CAGAG,0.07360710602201688,0.07600879538836394,0.09759852216748768,0.09325629683127201
S.enterica,BATGCATV,0.004693847481529815,0.005883401675878053,0.002052545155993432,0.0028888688272998104
S.enterica,GATC,0.4949378012587089,0.8915433529446722,0.5345169677066228,0.9027715085311907
S.enterica,CAGAG,0.07360710602201688,0.07600879538836394,0.09759852216748768,0.09325629683127201
S.enterica,BATGCATV,0.004693847481529815,0.005883401675878053,0.002052545155993432,0.0028888688272998104
S.enterica,GATC,0.4949378012587089,0.8915433529446722,0.5345169677066228,0.9027715085311907
S.enterica,CAGAG,0.07360710602201688,0.07600879538836394,0.09759852216748768,0.09325629683127201
S.enterica,BATGCATV,0.004693847481529815,0.005883401675878053,0.002052545155993432,0.0028888688272998104
L.monocytogenes,GCANNNNNNNTGC,0.05895522388059701,0.5420382165605095,0.7960339943342776,0.9751332149200711
L.monocytogenes,ANARAGTANYR,0.00020352781546811397,0.0,0.0,0.0
L.monocytogenes,GCANNNNNNNTGC,0.05895522388059701,0.5420382165605095,0.7960339943342776,0.9751332149200711
L.monocytogenes,ANARAGTANYR,0.00020352781546811397,0.0,0.0,0.0
L.monocytogenes,GCANNNNNNNTGC,0.05895522388059701,0.5420382165605095,0.7960339943342776,0.9751332149200711
L.monocytogenes,ANARAGTANYR,0.00020352781546811397,0.0,0.0,0.0
